,TRPMILES,TRVLCMIN,STRTTIME,ENDTIME,WHYFROM,WHYTRP1S,DAY,VMT_MILE
0,3.353,10,750,800,1,10,0,3.353
1,3.339,15,1600,1615,3,1,0,3.339
2,5.879,25,745,810,1,70,1,5.879
3,6.113,32,818,850,6,1,1,6.113
4,5.879,28,1710,1738,1,70,1,5.879
5,6.113,30,1745,1815,6,1,1,6.113
6,0.497,3,1100,1103,1,40,2,0.497
7,0.745,3,1107,1110,12,70,2,0.745
8,34.525,60,1130,1230,6,50,2,34.525
9,33.167,60,1600,1700,17,70,2,33.167
10,0.603,3,1710,1713,6,1,2,0.603
11,18.299,30,730,800,1,10,3,18.299
12,19.744,32,1630,1702,3,1,3,19.744
13,14.297,30,730,800,1,1,4,14.297
14,14.604,29,1600,1629,1,70,4,14.604
15,1.103,5,1630,1635,6,1,4,1.103
16,6.28,15,730,745,1,20,5,6.28
17,6.289,15,1530,1545,8,1,5,6.289
18,32.781,60,630,730,1,10,6,32.781
19,3.692,5,515,520,3,50,7,3.692
20,3.897,5,630,635,16,10,7,3.897
21,1.253,5,625,630,4,10,8,1.253
22,1.196,5,1700,1705,3,1,8,1.196
23,1.468,5,800,805,1,20,9,1.468
24,19.144,20,830,850,9,10,9,19.144
25,18.857,140,1430,1650,3,40,9,18.857
26,0.604,10,1750,1800,11,1,9,0.604
27,14.885,20,530,550,1,10,10,14.885
28,14.85,30,1630,1700,3,1,10,14.85
29,25.921,45,1215,1300,1,70,11,25.921
30,1.859,5,1335,1340,6,50,11,1.859
31,1.859,5,1420,1425,17,50,11,1.859
32,2.127,15,1505,1520,17,40,11,2.127
33,27.371,40,1605,1645,11,1,11,27.371
34,1.437,15,710,725,1,20,12,1.437
35,1.57,10,1430,1440,8,1,12,1.57
36,1.943,10,1520,1530,1,50,12,1.943
37,0.664,10,1830,1840,16,20,12,0.664
38,1.372,10,2000,2010,19,1,12,1.372
39,5.159,15,645,700,1,20,13,5.159
40,7.44,20,845,905,8,20,13,7.44
41,6.289,20,1620,1640,8,1,13,6.289
42,11.578,20,837,857,1,40,14,11.578
43,3.051,7,904,911,14,40,14,3.051
44,8.717,15,919,934,11,1,14,8.717
45,1.168,5,1535,1540,1,40,15,1.168
46,1.172,5,1548,1553,12,1,15,1.172
47,20.641,30,1630,1700,1,10,15,20.641
48,20.542,25,2000,2025,3,1,15,20.542
49,5.879,25,745,810,1,70,16,5.879
50,6.113,32,818,850,6,1,16,6.113
51,5.879,28,1710,1738,1,70,16,5.879
52,6.113,30,1745,1815,6,1,16,6.113
53,25.024,29,517,546,1,10,17,25.024
54,18.132,53,1526,1619,3,1,17,18.132
55,1.759,15,715,730,1,70,18,1.759
56,0.875,9,731,740,6,40,18,0.875
57,1.024,5,815,820,11,1,18,1.024
58,0.536,5,1730,1735,1,70,18,0.536
59,0.778,9,1736,1745,6,1,18,0.778
60,0.536,5,1855,1900,1,70,18,0.536
61,0.777,5,1905,1910,6,1,18,0.777
62,1.02,10,1600,1610,1,80,19,1.02
63,0.986,15,1625,1640,13,1,19,0.986
64,15.708,30,1400,1430,1,70,20,15.708
65,16.696,30,1500,1530,6,1,20,16.696
66,2.789,15,1645,1700,1,70,20,2.789
67,2.857,10,1715,1725,6,50,20,2.857
68,5.427,20,1800,1820,16,1,20,5.427
69,20.548,31,511,542,1,10,21,20.548
70,17.854,30,1430,1500,3,1,21,17.854
71,8.28,25,1430,1455,1,50,22,-1.0
72,4.052,16,1632,1648,16,80,22,-1.0
73,8.182,27,1755,1822,13,40,22,8.182
74,2.724,16,1852,1908,11,70,22,2.724
75,9.249,21,1915,1936,6,50,22,9.249
76,8.406,18,1954,2012,17,80,22,8.406
77,3.698,14,2014,2028,13,1,22,3.698
78,2.593,10,1055,1105,1,40,23,2.593
79,2.388,15,1155,1210,12,1,23,2.388
80,29.736,55,800,855,1,20,24,29.736
81,29.97,35,1130,1205,8,1,24,29.97
82,5.722,10,1450,1500,1,10,24,5.722
83,5.742,15,2140,2155,3,1,24,5.742
84,38.727,45,730,815,1,10,25,38.727
85,38.572,45,1745,1830,3,1,25,38.572
86,4.025,15,1145,1200,1,80,26,4.025
87,3.246,10,1300,1310,13,40,26,3.246
88,3.909,10,1315,1325,11,1,26,3.909
89,8.755,30,1400,1430,1,40,26,-1.0
90,1.447,5,1445,1450,12,40,26,-1.0
91,8.495,20,1520,1540,11,1,26,-1.0
92,0.077,1,1730,1731,1,50,26,0.077
93,4.42,10,2030,2040,17,80,26,4.42
94,4.368,10,2100,2110,13,1,26,4.368
95,20.548,31,511,542,1,10,27,20.548
96,17.854,30,1430,1500,3,1,27,17.854
97,14.737,27,845,912,1,10,28,14.737
98,15.55,36,1706,1742,3,1,28,15.55
99,2.544,8,2002,2010,1,40,28,2.544
100,2.554,12,2017,2029,14,1,28,2.554
101,5.13,10,945,955,1,1,29,5.13
102,2.502,10,1020,1030,1,40,29,2.502
103,0.322,5,1040,1045,11,40,29,0.322
104,2.459,10,1100,1110,11,80,29,2.459
105,5.115,15,1215,1230,13,1,29,5.115
106,5.382,20,1030,1050,1,70,30,5.382
107,8.171,30,1115,1145,6,40,30,8.171
108,0.5,10,1345,1355,11,40,30,0.5
109,1.79,5,1415,1420,11,40,30,1.79
110,3.41,5,1430,1435,11,1,30,3.41
111,13.019,30,1630,1700,1,80,30,13.019
112,4.102,15,1830,1845,13,20,30,4.102
113,17.108,30,2130,2200,19,1,30,17.108
114,21.965,50,720,810,1,40,31,21.965
115,0.891,6,820,826,11,10,31,0.891
116,21.79,50,1705,1755,3,1,31,21.79
117,3.039,20,740,800,1,20,32,-1.0
118,2.769,20,1806,1826,3,1,32,2.769
119,11.584,21,648,709,1,10,34,11.584
120,11.587,47,1618,1705,3,1,34,11.587
121,0.85,2,1503,1505,1,40,35,0.85
122,1.206,3,1512,1515,11,1,35,1.206
123,2.014,3,835,838,1,40,36,2.014
124,2.014,3,844,847,11,1,36,2.014
125,3.906,19,1550,1609,1,50,36,3.906
126,1.269,5,1820,1825,15,40,36,-1.0
127,3.202,10,1900,1910,11,1,36,-1.0
128,2.615,15,1050,1105,1,70,37,2.615
129,0.664,1,1106,1107,6,80,37,0.664
130,0.427,2,1109,1111,13,40,37,0.427
131,2.773,9,1114,1123,14,1,37,2.773
132,5.309,15,715,730,1,40,38,5.309
133,2.661,5,745,750,14,80,38,2.661
134,2.716,15,755,810,13,97,38,2.716
135,1.509,5,1230,1235,1,80,38,-1.0
136,0.674,5,1315,1320,13,40,38,0.674
137,2.086,15,1345,1400,11,1,38,2.086
138,33.496,60,600,700,1,10,39,33.496
139,21.644,30,1200,1230,3,70,39,21.644
140,21.566,29,1231,1300,6,1,39,21.566
141,2.741,7,520,527,1,50,40,2.741
142,2.741,7,630,637,16,1,40,2.741
143,0.832,3,700,703,1,70,40,0.832
144,20.658,35,706,741,6,10,40,20.658
145,19.221,30,1600,1630,3,70,40,19.221
146,1.351,5,1635,1640,6,50,40,1.351
147,1.462,5,1700,1705,16,1,40,1.462
148,18.299,30,730,800,1,10,41,18.299
149,19.744,32,1630,1702,3,1,41,19.744
150,25.024,29,517,546,1,10,42,25.024
151,18.132,53,1526,1619,3,1,42,18.132
152,4.79,13,610,623,1,10,43,4.79
153,4.799,13,1505,1518,3,1,43,4.799
154,10.522,20,1800,1820,1,40,43,10.522
155,1.735,7,1915,1922,11,80,43,1.735
156,11.6,20,1940,2000,13,1,43,11.6
157,4.79,13,610,623,1,10,44,4.79
158,4.799,13,1505,1518,3,1,44,4.799
159,10.522,20,1800,1820,1,40,44,10.522
160,1.735,7,1915,1922,11,80,44,1.735
161,11.6,20,1940,2000,13,1,44,11.6
162,11.996,19,729,748,1,10,45,11.996
163,1.547,5,1150,1155,3,40,45,1.547
164,1.699,6,1215,1221,11,10,45,1.699
165,26.035,38,1532,1610,3,50,45,26.035
166,15.944,40,1745,1825,17,1,45,15.944
167,11.999,26,730,756,1,10,46,11.999
168,8.78,17,1615,1632,3,70,46,8.78
169,7.479,35,1635,1710,6,20,46,7.479
170,3.159,15,1835,1850,9,20,46,3.159
171,2.949,13,1955,2008,9,1,46,2.949
172,6.847,15,730,745,1,10,47,6.847
173,6.802,15,1730,1745,3,1,47,6.802
174,4.388,15,530,545,1,70,48,4.388
175,1.275,12,548,600,6,10,48,1.275
176,2.913,10,1100,1110,3,1,48,2.913
177,1.638,10,1750,1800,1,10,48,1.638
178,1.428,10,2230,2240,3,1,48,1.428
179,0.682,5,955,1000,1,20,49,0.682
180,0.651,5,1205,1210,19,1,49,0.651
181,0.857,5,1240,1245,1,70,49,0.857
182,0.812,6,1246,1252,6,1,49,0.812
183,5.793,30,1330,1400,1,40,49,5.793
184,5.757,25,1715,1740,11,1,49,5.757
185,0.857,5,1855,1900,1,70,49,0.857
186,0.812,5,1910,1915,6,1,49,0.812
187,4.79,13,610,623,1,10,50,4.79
188,4.799,13,1505,1518,3,1,50,4.799
189,10.522,20,1800,1820,1,40,50,10.522
190,1.735,7,1915,1922,11,80,50,1.735
191,11.6,20,1940,2000,13,1,50,11.6
192,7.295,16,1107,1123,1,40,51,7.295
193,4.931,11,1144,1155,11,80,51,4.931
194,0.882,4,1159,1203,13,40,51,0.882
195,1.351,5,1206,1211,11,1,51,1.351
196,2.885,15,900,915,1,40,52,2.885
197,2.87,15,945,1000,11,1,52,2.87
198,11.157,20,710,730,1,20,54,11.157
199,15.507,50,855,945,19,70,54,15.507
200,3.29,19,946,1005,6,10,54,3.29
201,4.772,30,1700,1730,3,30,54,4.772
202,5.668,20,1840,1900,18,70,54,5.668
203,1.939,10,1910,1920,16,1,54,-1.0
204,9.896,25,920,945,1,10,55,9.896
205,13.949,25,1800,1825,3,1,55,13.949
206,18.299,30,730,800,1,10,56,18.299
207,19.744,32,1630,1702,3,1,56,19.744
208,0.88,5,1020,1025,1,50,57,-1.0
209,4.095,20,1110,1130,15,40,57,4.095
210,4.466,20,1200,1220,11,1,57,4.466
211,24.052,40,1430,1510,1,50,57,24.052
212,13.328,25,1515,1540,17,50,57,13.328
213,13.03,30,1800,1830,15,50,57,13.03
214,24.123,30,2000,2030,17,1,57,24.123
215,1.208,10,700,710,1,80,58,1.208
216,1.209,5,815,820,13,1,58,1.209
217,18.887,20,855,915,1,50,58,18.887
218,19.508,30,1100,1130,15,1,58,19.508
219,3.016,10,1900,1910,1,80,58,3.016
220,3.095,10,1920,1930,13,1,58,3.095
221,0.913,5,800,805,1,80,59,0.913
222,3.689,20,810,830,13,70,59,3.689
223,2.317,30,845,915,6,40,59,2.317
224,11.61,15,1030,1045,11,70,59,11.61
225,7.483,10,1100,1110,6,40,59,7.483
226,0.483,5,1145,1150,12,1,59,0.483
227,7.029,20,1730,1750,1,50,59,7.029
228,7.017,20,2030,2050,17,1,59,7.017
229,1.759,15,715,730,1,70,60,1.759
230,0.875,9,731,740,6,40,60,0.875
231,1.024,5,815,820,11,1,60,1.024
232,0.536,5,1730,1735,1,70,60,0.536
233,0.778,9,1736,1745,6,1,60,0.778
234,0.536,5,1855,1900,1,70,60,0.536
235,0.777,5,1905,1910,6,1,60,0.777
236,1.35,5,950,955,1,10,61,1.35
237,1.349,5,2100,2105,3,1,61,1.349
238,3.392,10,820,830,1,80,62,3.392
239,1.708,12,834,846,13,10,62,1.708
240,4.241,18,1827,1845,3,1,62,4.241
241,11.39,37,810,847,1,70,63,11.39
242,3.018,21,851,912,6,10,63,3.018
243,3.339,9,1019,1028,3,50,63,3.339
244,1.124,10,1143,1153,16,40,63,1.124
245,0.764,8,1200,1208,11,97,63,0.764
246,1.01,2,1720,1722,7,70,63,1.01
247,0.669,5,1730,1735,6,80,63,0.669
248,11.048,40,1820,1900,13,1,63,11.048
249,1.168,6,633,639,1,50,64,1.168
250,1.168,3,727,730,16,1,64,1.168
251,1.209,5,936,941,1,70,64,1.209
252,3.153,10,951,1001,6,50,64,3.153
253,3.392,12,1103,1115,15,70,64,3.392
254,1.209,4,1200,1204,6,1,64,1.209
255,1.966,8,1758,1806,1,10,64,1.966
256,2.017,7,2315,2322,4,1,64,2.017
257,1.52,10,800,810,1,80,65,1.52
258,85.275,70,820,930,13,70,65,85.275
259,82.079,105,1000,1145,6,1,65,-1.0
260,1.804,10,1400,1410,1,40,65,1.804
261,1.8,10,1500,1510,11,1,65,1.8
262,23.439,40,530,610,1,10,66,23.439
263,22.716,45,1615,1700,3,50,66,22.716
264,1.468,10,850,900,6,70,67,1.468
265,1.254,9,901,910,6,1,67,1.254
266,1.468,10,950,1000,1,40,67,1.468
267,0.85,5,1005,1010,14,40,67,0.85
268,0.234,2,1030,1032,14,70,67,0.234
269,1.556,5,1035,1040,6,1,67,1.556
270,2.679,8,1750,1758,1,70,67,2.679
271,3.168,11,1759,1810,6,50,67,3.168
272,3.155,9,1930,1939,15,70,67,3.155
273,2.669,9,1941,1950,6,1,67,2.669
274,0.732,2,655,657,1,80,69,0.732
275,6.071,12,703,715,13,20,69,6.071
276,6.634,12,1422,1434,8,1,69,6.634
277,13.854,27,948,1015,1,70,70,13.854
278,11.629,16,1016,1032,6,40,70,11.629
279,4.181,12,1120,1132,11,40,70,4.181
280,3.701,12,1210,1222,11,1,70,3.701
281,13.854,15,1430,1445,1,70,70,13.854
282,12.778,35,1515,1550,6,40,70,12.778
283,2.301,12,1600,1612,11,1,70,2.301
284,21.113,40,1000,1040,1,20,71,21.113
285,2.514,5,1130,1135,17,50,72,2.514
286,2.151,5,1315,1320,15,50,72,2.151
287,6.961,20,1450,1510,17,50,72,6.961
288,6.036,25,1730,1755,15,50,72,6.036
289,2.077,7,1810,1817,17,80,72,2.077
290,2.077,8,1822,1830,13,50,72,2.077
291,0.178,10,1205,1215,15,40,73,-1.0
292,12.923,15,1220,1235,14,40,73,-1.0
293,29.131,45,1300,1345,11,80,73,-1.0
294,35.381,50,1450,1540,13,70,73,-1.0
295,198.154,190,1640,1950,6,1,73,-1.0
296,4.43,7,1058,1105,1,40,74,-1.0
297,0.281,2,1121,1123,14,40,74,-1.0
298,0.465,2,1203,1205,11,40,74,-1.0
299,1.888,4,1225,1229,11,40,74,-1.0
300,2.549,4,1239,1243,12,40,74,-1.0
301,5.332,11,1322,1333,11,1,74,-1.0
302,8.144,15,750,805,1,80,75,8.144
303,0.417,2,810,812,13,10,75,0.417
304,6.757,16,1710,1726,3,70,75,6.757
305,6.203,18,1732,1750,6,1,75,6.203
306,1.3,10,1440,1450,1,70,76,1.3
307,1.289,10,1455,1505,6,1,76,1.289
308,6.19,30,730,800,1,10,77,6.19
309,0.164,1,1550,1551,3,40,77,0.164
310,6.066,13,1552,1605,11,1,77,6.066
311,4.141,10,750,800,1,10,78,4.141
312,2.23,15,1300,1315,3,80,78,2.23
313,2.257,15,1345,1400,13,10,78,2.257
314,1.537,15,1630,1645,3,40,78,1.537
315,3.631,15,1710,1725,11,1,78,3.631
316,60.287,90,900,1030,1,50,79,60.287
317,59.753,90,1700,1830,17,1,79,59.753
318,25.024,29,517,546,1,10,80,25.024
319,18.132,53,1526,1619,3,1,80,18.132
320,0.645,3,730,733,1,80,81,-1.0
321,0.645,3,740,743,13,1,81,0.645
322,20.737,45,1530,1615,1,80,81,20.737
323,20.48,45,1815,1900,13,1,81,20.48
324,1.701,5,805,810,1,20,82,1.701
325,35.418,43,812,855,8,10,82,35.418
326,34.085,50,1700,1750,3,1,82,34.085
327,11.981,20,840,900,2,10,83,11.981
328,11.638,30,1500,1530,3,70,83,11.638
329,4.768,15,1540,1555,6,1,83,4.768
330,0.732,2,655,657,1,80,84,0.732
331,6.071,12,703,715,13,20,84,6.071
332,6.634,12,1422,1434,8,1,84,6.634
333,2.94,10,545,555,1,97,85,2.94
334,2.946,14,1841,1855,7,1,85,2.946
335,3.981,15,1030,1045,1,40,86,3.981
336,4.014,30,1130,1200,11,1,86,4.014
337,1.023,10,1255,1305,1,40,86,-1.0
338,0.679,5,1400,1405,15,40,86,0.679
339,0.985,5,1500,1505,11,1,86,0.985
340,6.847,15,730,745,1,10,87,6.847
341,6.802,15,1730,1745,3,1,87,6.802
342,11.646,30,730,800,1,10,88,11.646
343,5.883,12,1500,1512,3,40,88,5.883
344,1.074,4,1540,1544,11,40,88,1.074
345,0.353,3,1615,1618,11,40,88,0.353
346,10.606,25,1640,1705,11,1,88,10.606
347,17.397,32,2058,2130,8,1,88,17.397
348,0.414,3,1442,1445,1,40,89,-1.0
349,0.414,2,1445,1447,1,40,89,0.414
350,4.855,4,1448,1452,14,40,89,4.855
351,3.426,7,1503,1510,11,40,89,-1.0
352,12.78,20,1615,1635,11,40,89,-1.0
353,13.446,26,1740,1806,11,1,89,13.446
354,33.496,60,600,700,1,10,90,33.496
355,21.644,30,1200,1230,3,70,90,21.644
356,21.566,29,1231,1300,6,1,90,21.566
357,10.091,27,830,857,1,10,91,10.091
358,9.082,26,1712,1738,3,40,91,9.082
359,1.341,7,1758,1805,11,1,91,1.341
360,5.13,10,945,955,1,1,92,5.13
361,2.502,10,1020,1030,1,40,92,2.502
362,0.322,5,1040,1045,11,40,92,0.322
363,2.459,10,1100,1110,11,80,92,2.459
364,5.115,15,1215,1230,13,1,92,5.115
365,17.973,30,1300,1330,1,80,93,17.973
366,15.603,30,1400,1430,13,40,93,15.603
367,2.141,10,1440,1450,11,1,93,2.141
368,64.757,75,1118,1233,1,50,94,64.757
369,1.159,5,1400,1405,17,50,94,1.159
370,1.158,7,1858,1905,17,50,94,1.158
371,64.743,76,1907,2023,17,1,94,64.743
372,3.821,15,1200,1215,1,50,95,3.821
373,3.995,15,1330,1345,16,1,95,3.995
374,13.949,20,1630,1650,1,50,95,13.949
375,14.117,20,1930,1950,17,1,95,14.117
376,11.996,19,729,748,1,10,96,11.996
377,1.547,5,1150,1155,3,40,96,1.547
378,1.699,6,1215,1221,11,10,96,1.699
379,26.035,38,1532,1610,3,50,96,26.035
380,15.944,40,1745,1825,17,1,96,15.944
381,5.077,20,630,650,1,70,97,5.077
382,2.579,14,651,705,6,70,97,2.579
383,7.263,24,706,730,6,10,97,7.263
384,4.507,15,1815,1830,1,70,97,4.507
385,5.545,25,1835,1900,6,70,97,5.545
386,5.499,19,1901,1920,6,97,97,5.499
387,5.757,15,2100,2115,5,1,97,5.757
388,11.316,20,930,950,1,10,99,11.316
389,5.777,13,1645,1658,3,80,99,5.777
390,5.235,13,1802,1815,13,1,99,5.235
391,0.88,5,1020,1025,1,50,100,-1.0
392,4.095,20,1110,1130,15,40,100,4.095
393,4.466,20,1200,1220,11,1,100,4.466
394,24.052,40,1430,1510,1,50,100,24.052
395,13.328,25,1515,1540,17,50,100,13.328
396,13.03,30,1800,1830,15,50,100,13.03
397,24.123,30,2000,2030,17,1,100,24.123
398,29.084,45,415,500,1,10,101,29.084
399,31.996,57,1855,1952,4,1,101,31.996
400,14.941,20,625,645,1,10,102,14.941
401,14.519,27,1820,1847,3,1,102,14.519
402,8.714,18,615,633,1,10,103,8.714
403,8.799,11,1150,1201,3,40,103,8.799
404,8.714,12,1210,1222,14,10,103,8.714
405,8.799,17,1500,1517,3,1,103,8.799
406,2.574,7,745,752,1,40,104,2.574
407,2.656,8,805,813,14,20,104,2.656
408,1.746,5,1034,1039,19,1,104,1.746
409,1.336,5,1805,1810,1,80,104,1.336
410,1.34,5,1819,1824,13,1,104,1.34
411,0.932,10,830,840,1,70,106,0.932
412,0.962,10,845,855,6,1,106,0.962
413,2.456,20,1400,1420,1,40,106,2.456
414,2.245,20,1630,1650,11,1,106,2.245
415,21.113,30,1130,1200,1,40,107,21.113
416,21.121,30,1700,1730,14,1,107,21.121
417,35.027,60,745,845,1,10,108,35.027
418,34.135,63,1757,1900,3,1,108,34.135
419,0.715,5,640,645,1,10,109,0.715
420,1.888,14,1448,1502,3,30,109,1.888
421,1.797,7,1608,1615,18,1,109,1.797
422,1.267,9,1701,1710,1,70,109,1.267
423,1.267,9,1805,1814,6,1,109,1.267
424,24.289,55,700,755,1,10,110,24.289
425,4.321,15,1155,1210,3,50,110,4.321
426,4.208,15,1250,1305,17,10,110,4.208
427,24.592,75,1630,1745,3,1,110,24.592
428,5.036,25,1500,1525,1,40,111,5.036
429,5.595,15,1545,1600,14,80,111,5.595
430,2.844,4,1610,1614,13,97,111,2.844
431,2.741,8,1622,1630,5,70,111,2.741
432,1.127,7,1635,1642,6,1,111,1.127
433,1.437,15,710,725,1,20,112,1.437
434,1.57,10,1430,1440,8,1,112,1.57
435,1.943,10,1520,1530,1,50,112,1.943
436,0.664,10,1830,1840,16,20,112,0.664
437,1.372,10,2000,2010,19,1,112,1.372
438,2.042,10,710,720,1,70,113,2.042
439,2.164,8,722,730,6,1,113,2.164
440,1.615,10,745,755,1,70,113,1.615
441,18.413,24,756,820,6,10,113,18.413
442,17.335,20,1630,1650,3,70,113,17.335
443,0.863,13,1652,1705,6,1,113,0.863
444,7.39,10,725,735,1,10,114,7.39
445,5.418,15,1600,1615,3,1,114,5.418
446,25.024,29,517,546,1,10,115,25.024
447,18.132,53,1526,1619,3,1,115,18.132
448,14.185,30,830,900,1,10,116,14.185
449,8.833,35,1700,1735,3,50,116,8.833
450,2.033,10,1835,1845,16,40,116,2.033
451,7.833,30,1930,2000,11,1,116,7.833
452,3.353,10,750,800,1,10,117,3.353
453,3.339,15,1600,1615,3,1,117,3.339
454,35.925,45,1000,1045,1,10,118,35.925
455,35.436,45,2200,2245,4,1,118,35.436
456,0.306,5,1715,1720,1,50,119,-1.0
457,0.306,5,1930,1935,17,1,119,-1.0
458,2.615,15,1050,1105,1,70,120,2.615
459,0.664,1,1106,1107,6,80,120,0.664
460,0.427,2,1109,1111,13,40,120,0.427
461,2.773,9,1114,1123,14,1,120,2.773
462,3.909,25,733,758,1,10,121,3.909
463,1.711,9,1628,1637,3,80,121,1.711
464,3.92,22,1641,1703,13,1,121,3.92
465,3.269,10,900,910,1,1,122,3.269
466,3.221,10,915,925,1,1,122,3.221
467,2.284,15,745,800,1,10,123,-1.0
468,3.892,20,1720,1740,3,1,123,3.892
469,2.136,20,725,745,1,70,125,2.136
470,12.546,29,746,815,6,10,125,12.546
471,12.607,45,1615,1700,3,70,125,12.607
472,1.9,5,1705,1710,6,1,125,1.9
473,2.99,15,1845,1900,1,70,125,2.99
474,1.988,3,1902,1905,6,80,125,1.988
475,2.01,5,1935,1940,13,70,125,2.01
476,1.658,3,1945,1948,6,80,125,1.658
477,1.42,5,2000,2005,13,1,125,1.42
478,1.42,10,2015,2025,13,1,125,-1.0
479,8.151,25,1507,1532,1,10,126,8.151
480,8.142,20,2505,2525,3,1,126,8.142
481,1.081,5,700,705,1,70,127,1.081
482,1.081,5,706,711,6,1,127,1.081
483,17.158,25,800,825,1,20,127,17.158
484,13.476,15,1430,1445,8,40,127,13.476
485,2.386,10,1530,1540,11,1,127,2.386
486,5.296,30,630,700,1,10,129,5.296
487,3.43,12,730,742,3,1,130,3.43
488,3.392,10,820,830,1,80,131,3.392
489,1.708,12,834,846,13,10,131,1.708
490,4.241,18,1827,1845,3,1,131,4.241
491,2.129,25,730,755,1,70,132,2.129
492,9.808,38,757,835,6,10,132,9.808
493,7.53,35,1530,1605,3,50,132,7.53
494,2.129,10,1725,1735,16,70,132,2.129
495,2.227,20,1745,1805,8,1,132,-1.0
496,1.272,5,1000,1005,1,40,134,1.272
497,1.272,5,1010,1015,12,1,134,1.272
498,21.113,30,1230,1300,1,40,134,21.113
499,21.121,30,1330,1400,14,1,134,21.121
500,21.113,30,1530,1600,1,40,134,21.113
501,21.121,30,1700,1730,14,1,134,21.121
502,5.477,15,1130,1145,1,70,135,5.477
503,13.401,25,1155,1220,6,50,135,13.401
504,6.224,20,1430,1450,15,1,135,6.224
505,5.477,15,1530,1545,1,70,135,5.477
506,5.086,10,1550,1600,6,70,135,5.086
507,7.802,10,1610,1620,6,20,135,7.802
508,2.956,10,1730,1740,19,80,135,2.956
509,4.871,5,1900,1905,13,70,135,4.871
510,5.672,24,1906,1930,6,1,135,5.672
511,14.774,35,900,935,1,30,136,14.774
512,3.758,15,1015,1030,18,40,136,3.758
513,4.653,25,1115,1140,14,80,136,4.653
514,13.957,25,1215,1240,13,10,136,13.957
515,1.176,5,1730,1735,3,1,136,1.176
516,2.315,15,830,845,1,10,137,2.315
517,2.318,20,1700,1720,3,1,137,2.318
518,7.262,15,1430,1445,1,50,138,7.262
519,7.273,14,1600,1614,15,1,138,7.273
520,8.083,25,1730,1755,1,70,138,8.083
521,7.538,25,1810,1835,6,70,138,7.538
522,3.827,15,1840,1855,6,40,138,3.827
523,3.93,15,1940,1955,11,1,138,3.93
524,6.342,15,830,845,1,10,140,6.342
525,1.952,10,1100,1110,1,40,140,-1.0
526,1.643,15,1130,1145,11,1,140,-1.0
527,2.944,15,1700,1715,3,40,140,2.944
528,5.793,15,1745,1800,11,1,140,5.793
529,1.255,4,1801,1805,1,70,140,1.255
530,1.281,4,1806,1810,6,1,140,1.281
531,0.063,4,1811,1815,14,40,140,-1.0
532,0.063,1,1825,1826,14,1,140,-1.0
533,1.952,10,1900,1910,1,40,140,1.952
534,0.748,5,2000,2005,12,70,140,0.748
535,1.519,9,2006,2015,6,1,140,1.519
536,5.13,10,945,955,1,1,141,5.13
537,2.502,10,1020,1030,1,40,141,2.502
538,0.322,5,1040,1045,11,40,141,0.322
539,2.459,10,1100,1110,11,80,141,2.459
540,5.115,15,1215,1230,13,1,141,5.115
541,61.691,71,1104,1215,1,50,142,61.691
542,61.729,68,1802,1910,17,1,142,61.729
543,6.847,15,730,745,1,10,143,6.847
544,6.802,15,1730,1745,3,1,143,6.802
545,0.555,5,1025,1030,1,40,144,0.555
546,0.556,5,1115,1120,11,1,144,-1.0
547,24.632,46,752,838,1,10,145,24.632
548,23.72,33,1710,1743,3,1,145,23.72
549,1.228,12,848,900,1,70,146,1.228
550,1.68,10,910,920,6,1,146,1.68
551,29.084,45,415,500,1,10,147,29.084
552,31.996,57,1855,1952,4,1,147,31.996
553,5.477,15,1130,1145,1,70,148,5.477
554,13.401,25,1155,1220,6,50,148,13.401
555,6.224,20,1430,1450,15,1,148,6.224
556,5.477,15,1530,1545,1,70,148,5.477
557,5.086,10,1550,1600,6,70,148,5.086
558,7.802,10,1610,1620,6,20,148,7.802
559,2.956,10,1730,1740,19,80,148,2.956
560,4.871,5,1900,1905,13,70,148,4.871
561,5.672,24,1906,1930,6,1,148,5.672
562,0.684,5,1830,1835,1,80,149,0.684
563,0.777,5,1845,1850,13,1,149,0.777
564,2.439,15,1030,1045,1,40,150,-1.0
565,1.095,10,1130,1140,11,40,150,-1.0
566,0.818,5,1215,1220,11,40,150,-1.0
567,0.265,2,1225,1227,14,40,150,-1.0
568,0.333,2,1240,1242,11,40,150,-1.0
569,0.925,5,1335,1340,11,40,150,-1.0
570,0.544,5,1350,1355,11,1,150,-1.0
571,2.035,15,1650,1705,1,80,150,-1.0
572,2.329,15,1755,1810,13,1,150,-1.0
573,3.98,8,1310,1318,1,80,151,3.98
574,4.965,8,1410,1418,13,40,151,-1.0
575,0.989,5,1438,1443,14,1,151,0.989
576,1.274,5,1525,1530,1,40,151,1.274
577,1.303,5,1545,1550,11,1,151,1.303
578,35.027,60,745,845,1,10,152,35.027
579,34.135,63,1757,1900,3,1,152,34.135
580,4.279,20,1130,1150,1,50,153,4.279
581,4.349,20,2000,2020,17,1,153,4.349
582,24.475,40,505,545,1,10,154,24.475
583,24.579,40,1525,1605,3,1,154,24.579
584,11.316,20,930,950,1,10,155,11.316
585,5.777,13,1645,1658,3,80,155,5.777
586,5.235,13,1802,1815,13,1,155,5.235
587,3.909,25,733,758,1,10,156,3.909
588,1.711,9,1628,1637,3,80,156,1.711
589,3.92,22,1641,1703,13,1,156,3.92
590,14.185,30,830,900,1,10,157,14.185
591,8.833,35,1700,1735,3,50,157,8.833
592,2.033,10,1835,1845,16,40,157,2.033
593,7.833,30,1930,2000,11,1,157,7.833
594,7.383,20,1700,1720,1,50,158,-1.0
595,7.395,20,2215,2235,17,1,158,-1.0
596,0.966,5,1115,1120,1,40,159,0.966
597,7.504,15,1140,1155,14,40,159,7.504
598,7.242,15,1205,1220,14,1,159,7.242
599,2.396,10,1515,1525,1,70,159,2.396
600,2.526,10,1620,1630,6,1,159,2.526
601,2.396,10,1800,1810,1,50,159,2.396
602,2.526,10,2045,2055,15,1,159,2.526
603,25.921,45,1215,1300,1,70,160,25.921
604,1.859,5,1335,1340,6,50,160,1.859
605,1.859,5,1420,1425,17,50,160,1.859
606,2.127,15,1505,1520,17,40,160,2.127
607,27.371,40,1605,1645,11,1,160,27.371
608,11.578,20,837,857,1,40,161,11.578
609,3.051,7,904,911,14,40,161,3.051
610,8.717,15,919,934,11,1,161,8.717
611,4.141,10,750,800,1,10,162,4.141
612,2.23,15,1300,1315,3,80,162,2.23
613,2.257,15,1345,1400,13,10,162,2.257
614,1.537,15,1630,1645,3,40,162,1.537
615,3.631,15,1710,1725,11,1,162,3.631
616,1.272,5,1000,1005,1,40,163,1.272
617,1.272,5,1010,1015,12,1,163,1.272
618,21.113,30,1230,1300,1,40,163,21.113
619,21.121,30,1330,1400,14,1,163,21.121
620,21.113,30,1530,1600,1,40,163,21.113
621,21.121,30,1700,1730,14,1,163,21.121
622,11.578,20,837,857,1,40,164,11.578
623,3.051,7,904,911,14,40,164,3.051
624,8.717,15,919,934,11,1,164,8.717
625,0.682,5,955,1000,1,20,165,0.682
626,0.651,5,1205,1210,19,1,165,0.651
627,0.857,5,1240,1245,1,70,165,0.857
628,0.812,6,1246,1252,6,1,165,0.812
629,5.793,30,1330,1400,1,40,165,5.793
630,5.757,25,1715,1740,11,1,165,5.757
631,0.857,5,1855,1900,1,70,165,0.857
632,0.812,5,1910,1915,6,1,165,0.812
633,7.33,32,420,452,1,10,166,7.33
634,7.309,19,1525,1544,3,1,166,7.309
635,4.301,15,1800,1815,1,40,166,4.301
636,4.224,15,1835,1850,11,1,166,4.224
637,2.807,5,1925,1930,1,50,166,2.807
638,2.775,5,2045,2050,16,1,166,2.775
639,0.306,5,1715,1720,1,50,167,-1.0
640,0.306,5,1930,1935,17,1,167,-1.0
641,1.541,10,530,540,1,50,168,1.541
642,1.541,5,645,650,16,1,168,1.541
643,13.166,60,900,1000,1,10,168,13.166
644,13.781,50,1600,1650,3,1,168,13.781
645,1.272,5,1000,1005,1,40,169,1.272
646,1.272,5,1010,1015,12,1,169,1.272
647,21.113,30,1230,1300,1,40,169,21.113
648,21.121,30,1330,1400,14,1,169,21.121
649,21.113,30,1530,1600,1,40,169,21.113
650,21.121,30,1700,1730,14,1,169,21.121
651,17.942,25,700,725,1,10,170,17.942
652,15.325,15,845,900,3,40,170,15.325
653,3.088,15,945,1000,11,1,170,3.088
654,3.763,15,1115,1130,2,70,170,3.763
655,34.566,35,1135,1210,6,10,170,-1.0
656,16.021,20,1350,1410,4,80,170,-1.0
657,25.765,20,1415,1435,13,1,170,-1.0
658,24.289,55,700,755,1,10,172,24.289
659,4.321,15,1155,1210,3,50,172,4.321
660,4.208,15,1250,1305,17,10,172,4.208
661,24.592,75,1630,1745,3,1,172,24.592
662,12.424,25,729,754,1,10,173,12.424
663,12.278,24,1538,1602,3,1,173,12.278
664,3.346,15,745,800,1,70,174,3.346
665,13.434,31,820,851,6,10,174,13.434
666,15.748,50,1705,1755,3,1,174,15.748
667,3.159,10,1905,1915,1,50,174,3.159
668,2.964,15,1950,2005,17,1,174,2.964
669,2.374,5,625,630,1,10,175,2.374
670,2.613,5,1800,1805,3,1,175,2.613
671,5.879,25,745,810,1,70,176,5.879
672,6.113,32,818,850,6,1,176,6.113
673,5.879,28,1710,1738,1,70,176,5.879
674,6.113,30,1745,1815,6,1,176,6.113
675,2.593,10,1055,1105,1,40,177,2.593
676,2.388,15,1155,1210,12,1,177,2.388
677,5.93,15,830,845,1,10,178,5.93
678,5.693,21,1000,1021,3,40,178,5.693
679,1.583,8,1130,1138,11,20,178,1.583
680,1.804,10,1135,1145,16,40,179,1.804
681,1.757,10,1230,1240,11,1,179,1.757
682,11.051,30,1400,1430,1,50,179,11.051
683,222.375,270,730,1200,17,70,180,222.375
684,115.489,255,1215,1630,6,1,180,115.489
685,3.039,20,740,800,1,20,181,-1.0
686,2.769,20,1806,1826,3,1,181,2.769
687,5.382,20,1030,1050,1,70,184,5.382
688,8.171,30,1115,1145,6,40,184,8.171
689,0.5,10,1345,1355,11,40,184,0.5
690,1.79,5,1415,1420,11,40,184,1.79
691,3.41,5,1430,1435,11,1,184,3.41
692,13.019,30,1630,1700,1,80,184,13.019
693,4.102,15,1830,1845,13,20,184,4.102
694,17.108,30,2130,2200,19,1,184,17.108
695,62.108,75,830,945,7,1,185,62.108
696,6.763,15,1145,1200,2,10,185,6.763
697,6.701,15,1340,1355,4,1,185,6.701
698,2.574,7,745,752,1,40,187,2.574
699,2.656,8,805,813,14,20,187,2.656
700,1.746,5,1034,1039,19,1,187,1.746
701,1.336,5,1805,1810,1,80,187,1.336
702,1.34,5,1819,1824,13,1,187,1.34
703,2.13,6,635,641,1,50,188,2.13
704,1.687,6,718,724,16,1,188,1.687
705,5.036,15,801,816,1,10,188,5.036
706,5.054,15,1720,1735,3,1,188,5.054
707,5.93,15,830,845,1,10,189,5.93
708,5.693,21,1000,1021,3,40,189,5.693
709,1.583,8,1130,1138,11,20,189,1.583
710,2.514,5,1130,1135,17,50,190,2.514
711,2.151,5,1315,1320,15,50,190,2.151
712,6.961,20,1450,1510,17,50,190,6.961
713,6.036,25,1730,1755,15,50,190,6.036
714,2.077,7,1810,1817,17,80,190,2.077
715,2.077,8,1822,1830,13,50,190,2.077
716,2.514,5,1130,1135,17,50,191,2.514
717,2.151,5,1315,1320,15,50,191,2.151
718,6.961,20,1450,1510,17,50,191,6.961
719,6.036,25,1730,1755,15,50,191,6.036
720,2.077,7,1810,1817,17,80,191,2.077
721,2.077,8,1822,1830,13,50,191,2.077
722,0.178,10,1205,1215,15,40,192,-1.0
723,12.923,15,1220,1235,14,40,192,-1.0
724,29.131,45,1300,1345,11,80,192,-1.0
725,35.381,50,1450,1540,13,70,192,-1.0
726,198.154,190,1640,1950,6,1,192,-1.0
727,2.643,15,830,845,1,10,193,2.643
728,2.635,20,1800,1820,3,1,193,2.635
729,0.542,5,650,655,1,50,194,0.542
730,0.575,5,815,820,16,1,194,0.575
731,1.954,10,1230,1240,1,40,194,1.954
732,2.258,16,1350,1406,11,1,194,2.258
733,1.76,10,1850,1900,1,40,195,1.76
734,1.76,5,1900,1905,1,40,195,-1.0
735,1.75,15,1925,1940,11,1,195,1.75
736,0.423,5,1630,1635,1,40,196,0.423
737,3.069,195,1700,2015,11,70,196,3.069
738,2.89,14,2016,2030,6,1,196,2.89
739,3.423,20,800,820,1,10,198,3.423
740,3.188,30,1200,1230,3,1,198,3.188
741,2.034,10,630,640,1,10,199,2.034
742,1.178,10,1130,1140,3,80,199,1.178
743,0.618,5,1210,1215,13,97,199,0.618
744,1.976,10,1715,1725,8,1,199,1.976
745,12.197,15,1830,1845,1,50,199,12.197
746,12.183,15,2115,2130,15,1,199,12.183
747,2.569,8,1430,1438,1,40,200,2.569
748,2.563,11,1445,1456,11,1,200,2.563
749,7.889,15,1930,1945,1,40,200,7.889
750,8.118,13,2006,2019,11,1,200,8.118
751,1.269,5,1255,1300,1,40,201,1.269
752,0.883,5,1345,1350,11,80,201,0.883
753,1.685,8,1352,1400,13,1,201,1.685
754,2.799,15,830,845,1,70,202,2.799
755,14.688,18,857,915,6,10,202,14.688
756,9.869,47,1430,1517,3,30,202,9.869
757,20.292,42,1703,1745,18,1,202,20.292
758,8.151,25,1507,1532,1,10,203,8.151
759,8.142,20,2505,2525,3,1,203,8.142
760,3.909,25,733,758,1,10,204,3.909
761,1.711,9,1628,1637,3,80,204,1.711
762,3.92,22,1641,1703,13,1,204,3.92
763,2.042,10,710,720,1,70,205,2.042
764,2.164,8,722,730,6,1,205,2.164
765,1.615,10,745,755,1,70,205,1.615
766,18.413,24,756,820,6,10,205,18.413
767,17.335,20,1630,1650,3,70,205,17.335
768,0.863,13,1652,1705,6,1,205,0.863
769,3.584,10,1058,1108,1,40,206,3.584
770,3.26,10,1113,1123,12,40,206,3.26
771,0.63,3,1126,1129,11,10,206,0.63
772,2.799,15,830,845,3,1,207,2.799
773,2.795,20,1830,1850,1,10,207,2.795
774,7.136,15,745,800,3,70,208,7.136
775,7.462,15,845,900,6,1,208,7.462
776,2.178,10,940,950,1,50,208,2.178
777,2.49,15,1100,1115,16,1,208,2.49
778,2.373,10,1230,1240,2,40,208,2.373
779,0.685,10,1345,1355,12,40,208,0.685
780,7.151,20,1440,1500,11,70,208,7.151
781,4.199,30,1515,1545,11,1,208,-1.0
782,29.084,45,415,500,1,10,210,29.084
783,31.996,57,1855,1952,4,1,210,31.996
784,3.981,15,1030,1045,1,40,211,3.981
785,4.014,30,1130,1200,11,1,211,4.014
786,1.023,10,1255,1305,1,40,211,-1.0
787,0.679,5,1400,1405,15,40,211,0.679
788,0.985,5,1500,1505,11,1,211,0.985
789,61.691,71,1104,1215,1,50,212,61.691
790,61.729,68,1802,1910,17,1,212,61.729
791,2.643,15,830,845,1,10,213,2.643
792,2.635,20,1800,1820,3,1,213,2.635
793,4.776,15,430,445,1,10,214,4.776
794,4.135,15,1830,1845,3,40,214,4.135
795,0.657,10,1855,1905,14,1,214,0.657
796,6.315,15,745,800,1,10,215,6.315
797,6.019,15,1430,1445,3,1,215,6.019
798,10.671,20,700,720,1,20,216,10.671
799,11.183,20,1430,1450,8,1,216,11.183
800,1.819,11,955,1006,1,30,218,1.819
801,1.788,5,1045,1050,18,40,218,1.788
802,2.54,10,1105,1115,11,1,218,2.54
803,3.737,13,1242,1255,1,70,218,3.737
804,9.359,25,1300,1325,6,40,218,-1.0
805,63.827,66,1329,1435,11,50,218,-1.0
806,67.767,93,2007,2140,17,70,218,-1.0
807,3.735,12,2143,2155,6,1,218,3.735
808,3.423,20,800,820,1,10,219,3.423
809,3.188,30,1200,1230,3,1,219,3.188
810,4.43,7,1058,1105,1,40,220,-1.0
811,0.281,2,1121,1123,14,40,220,-1.0
812,0.465,2,1203,1205,11,40,220,-1.0
813,1.888,4,1225,1229,11,40,220,-1.0
814,2.549,4,1239,1243,12,40,220,-1.0
815,5.332,11,1322,1333,11,1,220,-1.0
816,11.578,20,837,857,1,40,224,11.578
817,3.051,7,904,911,14,40,224,3.051
818,8.717,15,919,934,11,1,224,8.717
819,6.031,25,830,855,1,70,225,-1.0
820,0.419,3,857,900,6,40,225,0.419
821,1.398,3,955,958,11,70,225,1.398
822,4.539,8,959,1007,6,70,225,4.539
823,5.477,10,1008,1018,6,40,225,5.477
824,4.263,16,1045,1101,11,1,225,4.263
825,0.926,5,1130,1135,12,40,225,0.926
826,3.563,10,1140,1150,11,1,225,3.563
827,2.678,10,1340,1350,1,50,225,-1.0
828,10.455,50,1355,1445,6,70,225,10.455
829,10.813,27,1453,1520,17,70,225,10.813
830,0.417,5,1523,1528,6,70,225,0.417
831,2.617,12,1529,1541,6,1,225,2.617
832,2.617,4,1556,1600,1,70,225,2.617
833,2.617,10,1655,1705,6,1,225,2.617
834,7.225,20,1845,1905,2,40,225,7.225
835,7.4,20,1935,1955,11,1,225,7.4
836,2.615,15,1050,1105,1,70,226,2.615
837,0.664,1,1106,1107,6,80,226,0.664
838,0.427,2,1109,1111,13,40,226,0.427
839,2.773,9,1114,1123,14,1,226,2.773
840,1.3,10,1440,1450,1,70,227,1.3
841,1.289,10,1455,1505,6,1,227,1.289
842,11.999,26,730,756,1,10,228,11.999
843,8.78,17,1615,1632,3,70,228,8.78
844,7.479,35,1635,1710,6,20,228,7.479
845,3.159,15,1835,1850,9,20,228,3.159
846,2.949,13,1955,2008,9,1,228,2.949
847,0.367,5,855,900,1,50,229,-1.0
848,0.367,5,1010,1015,16,1,229,-1.0
849,11.231,25,1255,1320,1,50,229,11.231
850,10.179,20,1510,1530,15,1,229,10.179
851,3.039,20,740,800,1,20,230,-1.0
852,2.769,20,1806,1826,3,1,230,2.769
853,7.174,20,725,745,1,70,231,7.174
854,7.23,25,750,815,6,10,231,7.23
855,7.917,25,1550,1615,3,70,231,7.917
856,6.404,40,1635,1715,8,1,231,-1.0
857,17.6,60,600,700,1,10,232,17.6
858,16.027,90,1500,1630,3,1,232,16.027
859,5.477,15,1130,1145,1,70,233,5.477
860,13.401,25,1155,1220,6,50,233,13.401
861,6.224,20,1430,1450,15,1,233,6.224
862,5.477,15,1530,1545,1,70,233,5.477
863,5.086,10,1550,1600,6,70,233,5.086
864,7.802,10,1610,1620,6,20,233,7.802
865,2.956,10,1730,1740,19,80,233,2.956
866,4.871,5,1900,1905,13,70,233,4.871
867,5.672,24,1906,1930,6,1,233,5.672
868,3.761,15,1330,1345,1,40,234,3.761
869,2.345,15,1400,1415,11,40,234,2.345
870,3.755,10,1440,1450,11,40,234,3.755
871,1.362,5,1515,1520,11,1,234,1.362
872,0.367,5,855,900,1,50,235,-1.0
873,0.367,5,1010,1015,16,1,235,-1.0
874,11.231,25,1255,1320,1,50,235,11.231
875,10.179,20,1510,1530,15,1,235,10.179
876,1.269,5,1255,1300,1,40,236,1.269
877,0.883,5,1345,1350,11,80,236,0.883
878,1.685,8,1352,1400,13,1,236,1.685
879,0.732,2,655,657,1,80,237,0.732
880,6.071,12,703,715,13,20,237,6.071
881,6.634,12,1422,1434,8,1,237,6.634
882,1.667,5,815,820,1,40,238,1.667
883,2.388,5,825,830,14,80,238,2.388
884,1.027,5,835,840,13,10,238,1.027
885,0.996,10,1800,1810,3,1,238,0.996
886,2.014,3,835,838,1,40,239,2.014
887,2.014,3,844,847,11,1,239,2.014
888,3.906,19,1550,1609,1,50,239,3.906
889,1.269,5,1820,1825,15,40,239,-1.0
890,3.202,10,1900,1910,11,1,239,-1.0
891,17.973,30,1300,1330,1,80,240,17.973
892,15.603,30,1400,1430,13,40,240,15.603
893,2.141,10,1440,1450,11,1,240,2.141
894,0.062,1,800,801,1,70,241,0.062
895,29.846,74,806,920,6,10,241,29.846
896,29.121,45,1830,1915,3,1,241,29.121
897,0.348,1,725,726,1,70,242,0.348
898,2.546,18,727,745,6,20,242,2.546
899,2.612,12,1203,1215,8,70,242,2.612
900,1.276,6,1216,1222,6,40,242,1.276
901,0.94,5,1226,1231,14,1,242,0.94
902,2.945,10,1245,1255,1,40,242,2.945
903,2.924,13,1330,1343,14,40,242,2.924
904,0.658,5,1525,1530,12,1,242,0.658
905,22.722,60,1915,2015,1,40,242,22.722
906,22.446,30,2145,2215,11,1,242,22.446
907,7.174,20,725,745,1,70,243,7.174
908,7.23,25,750,815,6,10,243,7.23
909,7.917,25,1550,1615,3,70,243,7.917
910,6.404,40,1635,1715,8,1,243,-1.0
911,2.451,10,650,700,1,30,244,2.451
912,0.23,1,815,816,18,40,244,0.23
913,40.046,45,820,905,11,10,244,40.046
914,2.799,15,830,845,3,1,245,2.799
915,2.795,20,1830,1850,1,10,245,2.795
916,1.253,5,625,630,4,10,246,1.253
917,1.196,5,1700,1705,3,1,246,1.196
918,1.081,5,700,705,1,70,247,1.081
919,1.081,5,706,711,6,1,247,1.081
920,17.158,25,800,825,1,20,247,17.158
921,13.476,15,1430,1445,8,40,247,13.476
922,2.386,10,1530,1540,11,1,247,2.386
923,0.362,3,1100,1103,1,50,248,0.362
924,16.167,15,1145,1200,16,80,248,16.167
925,6.78,10,1210,1220,13,40,248,6.78
926,9.886,20,1245,1305,11,1,248,9.886
927,0.362,2,1530,1532,1,50,248,-1.0
928,0.362,3,1545,1548,1,50,248,0.362
929,0.362,3,1700,1703,16,1,248,-1.0
930,14.885,20,530,550,1,10,249,14.885
931,14.85,30,1630,1700,3,1,249,14.85
932,3.393,15,900,915,1,70,250,3.393
933,4.358,15,930,945,6,40,250,4.358
934,0.802,5,955,1000,11,10,250,0.802
935,3.149,15,1800,1815,3,40,250,3.149
936,4.319,20,1900,1920,11,1,250,4.319
937,0.726,3,1550,1553,1,80,251,0.726
938,0.726,6,1558,1604,13,1,251,0.726
939,7.023,30,1645,1715,1,10,251,7.023
940,7.67,25,2005,2030,4,1,251,7.67
941,2.136,20,725,745,1,70,252,2.136
942,12.546,29,746,815,6,10,252,12.546
943,12.607,45,1615,1700,3,70,252,12.607
944,1.9,5,1705,1710,6,1,252,1.9
945,2.99,15,1845,1900,1,70,252,2.99
946,1.988,3,1902,1905,6,80,252,1.988
947,2.01,5,1935,1940,13,70,252,2.01
948,1.658,3,1945,1948,6,80,252,1.658
949,1.42,5,2000,2005,13,1,252,1.42
950,1.42,10,2015,2025,13,1,252,-1.0
951,8.333,14,1346,1400,1,10,253,8.333
952,8.119,16,2418,2434,3,1,253,8.119
953,1.081,5,700,705,1,70,254,1.081
954,1.081,5,706,711,6,1,254,1.081
955,17.158,25,800,825,1,20,254,17.158
956,13.476,15,1430,1445,8,40,254,13.476
957,2.386,10,1530,1540,11,1,254,2.386
958,15.891,19,740,759,1,10,255,15.891
959,3.977,15,1200,1215,3,80,255,3.977
960,3.987,17,1243,1300,13,10,255,3.987
961,17.037,28,1617,1645,3,1,255,17.037
962,2.799,15,830,845,1,70,256,2.799
963,14.688,18,857,915,6,10,256,14.688
964,9.869,47,1430,1517,3,30,256,9.869
965,20.292,42,1703,1745,18,1,256,20.292
966,0.062,1,800,801,1,70,257,0.062
967,29.846,74,806,920,6,10,257,29.846
968,29.121,45,1830,1915,3,1,257,29.121
969,0.87,5,1800,1805,1,97,259,0.87
970,0.87,5,2100,2105,5,1,259,0.87
971,0.497,3,1100,1103,1,40,260,0.497
972,0.745,3,1107,1110,12,70,260,0.745
973,34.525,60,1130,1230,6,50,260,34.525
974,33.167,60,1600,1700,17,70,260,33.167
975,0.603,3,1710,1713,6,1,260,0.603
976,21.113,30,1130,1200,1,40,261,21.113
977,21.121,30,1700,1730,14,1,261,21.121
978,1.597,5,905,910,1,50,262,1.597
979,1.598,5,1030,1035,15,1,262,1.598
980,7.245,25,1300,1325,1,50,262,7.245
981,7.317,30,1500,1530,15,1,262,7.317
982,1.3,10,1440,1450,1,70,263,1.3
983,1.289,10,1455,1505,6,1,263,1.289
984,11.996,19,729,748,1,10,264,11.996
985,1.547,5,1150,1155,3,40,264,1.547
986,1.699,6,1215,1221,11,10,264,1.699
987,26.035,38,1532,1610,3,50,264,26.035
988,15.944,40,1745,1825,17,1,264,15.944
989,1.426,10,650,700,1,10,265,1.426
990,0.433,5,1200,1205,3,80,265,0.433
991,0.433,5,1212,1217,13,10,265,0.433
992,1.184,10,1600,1610,3,50,265,1.184
993,0.244,3,1625,1628,17,1,265,0.244
994,1.408,7,930,937,1,10,267,1.408
995,1.408,9,1410,1419,3,1,267,1.408
996,40.961,40,735,815,1,10,268,40.961
997,43.791,44,2245,2329,3,1,268,43.791
998,64.757,75,1118,1233,1,50,269,64.757
999,1.159,5,1400,1405,17,50,269,1.159
1000,1.158,7,1858,1905,17,50,269,1.158
1001,64.743,76,1907,2023,17,1,269,64.743
1002,9.545,20,800,820,1,20,270,9.545
1003,9.519,30,1600,1630,8,1,270,9.519
1004,4.43,7,1058,1105,1,40,271,-1.0
1005,0.281,2,1121,1123,14,40,271,-1.0
1006,0.465,2,1203,1205,11,40,271,-1.0
1007,1.888,4,1225,1229,11,40,271,-1.0
1008,2.549,4,1239,1243,12,40,271,-1.0
1009,5.332,11,1322,1333,11,1,271,-1.0
1010,7.054,10,1045,1055,1,40,272,7.054
1011,6.36,12,1256,1308,11,1,272,6.36
1012,4.43,7,1058,1105,1,40,273,-1.0
1013,0.281,2,1121,1123,14,40,273,-1.0
1014,0.465,2,1203,1205,11,40,273,-1.0
1015,1.888,4,1225,1229,11,40,273,-1.0
1016,2.549,4,1239,1243,12,40,273,-1.0
1017,5.332,11,1322,1333,11,1,273,-1.0
1018,1.168,5,1535,1540,1,40,274,1.168
1019,1.172,5,1548,1553,12,1,274,1.172
1020,20.641,30,1630,1700,1,10,274,20.641
1021,20.542,25,2000,2025,3,1,274,20.542
1022,3.273,15,900,915,1,50,275,3.273
1023,3.181,15,1100,1115,15,1,275,3.181
1024,7.33,32,420,452,1,10,276,7.33
1025,7.309,19,1525,1544,3,1,276,7.309
1026,4.301,15,1800,1815,1,40,276,4.301
1027,4.224,15,1835,1850,11,1,276,4.224
1028,2.807,5,1925,1930,1,50,276,2.807
1029,2.775,5,2045,2050,16,1,276,2.775
1030,1.76,10,1850,1900,1,40,277,1.76
1031,1.76,5,1900,1905,1,40,277,-1.0
1032,1.75,15,1925,1940,11,1,277,1.75
1033,3.147,10,820,830,1,10,278,3.147
1034,3.172,9,1630,1639,3,1,278,3.172
1035,1.947,10,850,900,1,10,279,1.947
1036,1.969,10,1800,1810,3,1,279,1.969
1037,3.392,10,820,830,1,80,280,3.392
1038,1.708,12,834,846,13,10,280,1.708
1039,4.241,18,1827,1845,3,1,280,4.241
1040,11.316,20,930,950,1,10,281,11.316
1041,5.777,13,1645,1658,3,80,281,5.777
1042,5.235,13,1802,1815,13,1,281,5.235
1043,6.031,25,830,855,1,70,282,-1.0
1044,0.419,3,857,900,6,40,282,0.419
1045,1.398,3,955,958,11,70,282,1.398
1046,4.539,8,959,1007,6,70,282,4.539
1047,5.477,10,1008,1018,6,40,282,5.477
1048,4.263,16,1045,1101,11,1,282,4.263
1049,0.926,5,1130,1135,12,40,282,0.926
1050,3.563,10,1140,1150,11,1,282,3.563
1051,2.678,10,1340,1350,1,50,282,-1.0
1052,10.455,50,1355,1445,6,70,282,10.455
1053,10.813,27,1453,1520,17,70,282,10.813
1054,0.417,5,1523,1528,6,70,282,0.417
1055,2.617,12,1529,1541,6,1,282,2.617
1056,2.617,4,1556,1600,1,70,282,2.617
1057,2.617,10,1655,1705,6,1,282,2.617
1058,7.225,20,1845,1905,2,40,282,7.225
1059,7.4,20,1935,1955,11,1,282,7.4
1060,24.475,40,505,545,1,10,283,24.475
1061,24.579,40,1525,1605,3,1,283,24.579
1062,1.947,10,850,900,1,10,284,1.947
1063,1.969,10,1800,1810,3,1,284,1.969
1064,0.429,5,1135,1140,1,50,285,0.429
1065,1.675,10,1245,1255,16,40,285,1.675
1066,1.805,10,1310,1320,11,1,285,1.805
1067,1.806,15,1425,1440,1,80,285,1.806
1068,1.968,15,1520,1535,13,1,285,1.968
1069,1.947,10,850,900,1,10,286,1.947
1070,1.969,10,1800,1810,3,1,286,1.969
1071,5.722,11,545,556,1,10,287,5.722
1072,5.742,15,1550,1605,3,1,287,5.742
1073,1.698,5,800,805,1,80,288,-1.0
1074,0.501,5,815,820,13,50,288,-1.0
1075,1.981,10,915,925,16,1,288,-1.0
1076,1.359,12,1250,1302,1,40,288,1.359
1077,0.52,3,1330,1333,11,40,288,0.52
1078,0.747,3,1340,1343,11,80,288,0.747
1079,0.225,2,1350,1352,13,1,288,0.225
1080,2.012,12,1645,1657,1,80,288,-1.0
1081,2.538,7,1710,1717,13,1,288,-1.0
1082,4.775,13,843,856,1,40,289,4.775
1083,3.834,10,1204,1214,12,40,289,3.834
1084,5.178,17,1218,1235,11,1,289,5.178
1085,5.243,15,1641,1656,1,80,289,5.243
1086,5.235,15,1802,1817,13,1,289,5.235
1087,3.53,9,1836,1845,1,50,289,-1.0
1088,3.525,9,2132,2141,15,1,289,3.525
1089,0.726,3,1550,1553,1,80,290,0.726
1090,0.726,6,1558,1604,13,1,290,0.726
1091,7.023,30,1645,1715,1,10,290,7.023
1092,7.67,25,2005,2030,4,1,290,7.67
1093,2.558,5,1030,1035,1,30,291,2.558
1094,1.877,10,1140,1150,18,40,291,1.877
1095,0.145,3,1200,1203,11,40,291,0.145
1096,4.107,12,1245,1257,11,1,291,4.107
1097,6.28,15,1400,1415,1,70,291,6.28
1098,2.172,5,1425,1430,6,70,291,2.172
1099,0.302,4,1433,1437,6,40,291,0.302
1100,0.397,5,1447,1452,14,70,291,0.397
1101,2.219,8,1515,1523,6,70,291,2.219
1102,2.288,10,1533,1543,6,40,291,2.288
1103,4.104,15,1548,1603,12,1,291,4.104
1104,29.736,55,800,855,1,20,292,29.736
1105,29.97,35,1130,1205,8,1,292,29.97
1106,5.722,10,1450,1500,1,10,292,5.722
1107,5.742,15,2140,2155,3,1,292,5.742
1108,0.555,5,1025,1030,1,40,293,0.555
1109,0.556,5,1115,1120,11,1,293,-1.0
1110,0.362,3,1100,1103,1,50,294,0.362
1111,16.167,15,1145,1200,16,80,294,16.167
1112,6.78,10,1210,1220,13,40,294,6.78
1113,9.886,20,1245,1305,11,1,294,9.886
1114,0.362,2,1530,1532,1,50,294,-1.0
1115,0.362,3,1545,1548,1,50,294,0.362
1116,0.362,3,1700,1703,16,1,294,-1.0
1117,60.287,90,900,1030,1,50,295,60.287
1118,59.753,90,1700,1830,17,1,295,59.753
1119,6.637,10,545,555,1,97,296,6.637
1120,7.054,10,1747,1757,7,1,296,7.054
1121,11.579,30,1840,1910,1,80,296,11.579
1122,11.784,45,2030,2115,13,1,296,-1.0
1123,0.907,5,800,805,1,80,297,0.907
1124,3.935,8,807,815,13,40,297,3.935
1125,3.327,10,830,840,11,1,297,3.327
1126,3.3,15,1400,1415,1,97,297,-1.0
1127,2.839,20,1430,1450,97,50,297,2.839
1128,4.904,15,1800,1815,17,1,297,-1.0
1129,2.467,5,825,830,1,10,298,2.467
1130,6.251,25,1130,1155,3,40,298,6.251
1131,6.393,15,1230,1245,11,70,298,6.393
1132,3.632,15,1315,1330,6,10,298,3.632
1133,4.121,15,1530,1545,3,70,298,4.121
1134,2.467,5,1555,1600,6,10,298,2.467
1135,2.467,5,1745,1750,3,1,298,2.467
1136,21.965,50,720,810,1,40,299,21.965
1137,0.891,6,820,826,11,10,299,0.891
1138,21.79,50,1705,1755,3,1,299,21.79
1139,11.999,26,730,756,1,10,300,11.999
1140,8.78,17,1615,1632,3,70,300,8.78
1141,7.479,35,1635,1710,6,20,300,7.479
1142,3.159,15,1835,1850,9,20,300,3.159
1143,2.949,13,1955,2008,9,1,300,2.949
1144,15.489,30,815,845,1,50,302,15.489
1145,14.542,30,1110,1140,16,1,302,14.542
1146,6.605,35,1215,1250,1,50,302,6.605
1147,21.377,30,1515,1545,17,10,302,21.377
1148,23.598,45,2200,2245,3,1,302,23.598
1149,12.433,30,1600,1630,1,80,303,12.433
1150,11.075,15,1745,1800,13,40,303,11.075
1151,3.104,15,1830,1845,11,40,303,3.104
1152,9.867,30,1915,1945,11,40,303,9.867
1153,10.447,20,2000,2020,11,40,303,10.447
1154,8.132,15,2030,2045,11,40,303,8.132
1155,6.291,20,2100,2120,11,1,303,6.291
1156,1.947,10,850,900,1,10,304,1.947
1157,1.969,10,1800,1810,3,1,304,1.969
1158,6.28,15,730,745,1,20,305,6.28
1159,6.289,15,1530,1545,8,1,305,6.289
1160,24.475,40,505,545,1,10,306,24.475
1161,24.579,40,1525,1605,3,1,306,24.579
1162,1.759,15,715,730,1,70,307,1.759
1163,0.875,9,731,740,6,40,307,0.875
1164,1.024,5,815,820,11,1,307,1.024
1165,0.536,5,1730,1735,1,70,307,0.536
1166,0.778,9,1736,1745,6,1,307,0.778
1167,0.536,5,1855,1900,1,70,307,0.536
1168,0.777,5,1905,1910,6,1,307,0.777
1169,10.091,27,830,857,1,10,308,10.091
1170,9.082,26,1712,1738,3,40,308,9.082
1171,1.341,7,1758,1805,11,1,308,1.341
1172,47.015,60,800,900,1,50,309,47.015
1173,47.146,60,1100,1200,17,1,309,47.146
1174,47.015,60,800,900,1,50,310,47.015
1175,47.146,60,1100,1200,17,1,310,47.146
1176,0.429,5,1135,1140,1,50,311,0.429
1177,1.675,10,1245,1255,16,40,311,1.675
1178,1.805,10,1310,1320,11,1,311,1.805
1179,1.806,15,1425,1440,1,80,311,1.806
1180,1.968,15,1520,1535,13,1,311,1.968
1181,11.646,30,730,800,1,10,312,11.646
1182,5.883,12,1500,1512,3,40,312,5.883
1183,1.074,4,1540,1544,11,40,312,1.074
1184,0.353,3,1615,1618,11,40,312,0.353
1185,10.606,25,1640,1705,11,1,312,10.606
1186,17.397,32,2058,2130,8,1,312,17.397
1187,0.782,6,700,706,1,80,313,0.782
1188,1.171,5,713,718,13,10,313,1.171
1189,0.695,8,1830,1838,3,1,313,0.695
1190,1.915,10,600,610,1,80,314,1.915
1191,22.183,42,613,655,13,10,314,22.183
1192,21.693,55,1530,1625,3,40,314,21.693
1193,2.008,10,1705,1715,11,1,314,2.008
1194,2.444,12,755,807,1,10,315,2.444
1195,1.441,18,1630,1648,3,80,315,1.441
1196,0.67,3,1702,1705,13,40,315,0.67
1197,4.641,10,1725,1735,11,70,315,4.641
1198,2.799,23,1750,1813,6,1,315,2.799
1199,12.433,30,1600,1630,1,80,316,12.433
1200,11.075,15,1745,1800,13,40,316,11.075
1201,3.104,15,1830,1845,11,40,316,3.104
1202,9.867,30,1915,1945,11,40,316,9.867
1203,10.447,20,2000,2020,11,40,316,10.447
1204,8.132,15,2030,2045,11,40,316,8.132
1205,6.291,20,2100,2120,11,1,316,6.291
1206,3.423,20,800,820,1,10,317,3.423
1207,3.188,30,1200,1230,3,1,317,3.188
1208,3.98,8,1310,1318,1,80,318,3.98
1209,4.965,8,1410,1418,13,40,318,-1.0
1210,0.989,5,1438,1443,14,1,318,0.989
1211,1.274,5,1525,1530,1,40,318,1.274
1212,1.303,5,1545,1550,11,1,318,1.303
1213,5.309,15,715,730,1,40,319,5.309
1214,2.661,5,745,750,14,80,319,2.661
1215,2.716,15,755,810,13,97,319,2.716
1216,1.509,5,1230,1235,1,80,319,-1.0
1217,0.674,5,1315,1320,13,40,319,0.674
1218,2.086,15,1345,1400,11,1,319,2.086
1219,1.131,10,850,900,1,20,320,-1.0
1220,13.653,19,901,920,6,10,320,13.653
1221,13.173,20,1730,1750,3,1,320,13.173
1222,29.084,45,415,500,1,10,321,29.084
1223,31.996,57,1855,1952,4,1,321,31.996
1224,29.084,45,415,500,1,10,322,29.084
1225,31.996,57,1855,1952,4,1,322,31.996
1226,15.489,30,815,845,1,50,323,15.489
1227,14.542,30,1110,1140,16,1,323,14.542
1228,6.605,35,1215,1250,1,50,323,6.605
1229,21.377,30,1515,1545,17,10,323,21.377
1230,23.598,45,2200,2245,3,1,323,23.598
1231,47.632,60,1002,1102,1,50,324,47.632
1232,46.24,50,1300,1350,16,20,324,46.24
1233,0.176,2,1450,1452,19,1,324,0.176
1234,1.686,7,1643,1650,1,80,324,1.686
1235,1.666,5,1701,1706,13,1,324,1.666
1236,1.472,4,1820,1824,1,40,324,1.472
1237,0.59,14,1827,1841,11,40,324,0.59
1238,1.639,5,1910,1915,11,1,324,1.639
1239,7.065,20,1020,1040,1,20,326,-1.0
1240,7.932,20,1310,1330,19,1,326,-1.0
1241,0.782,6,700,706,1,80,327,0.782
1242,1.171,5,713,718,13,10,327,1.171
1243,0.695,8,1830,1838,3,1,327,0.695
1244,5.077,20,630,650,1,70,328,5.077
1245,2.579,14,651,705,6,70,328,2.579
1246,7.263,24,706,730,6,10,328,7.263
1247,4.507,15,1815,1830,1,70,328,4.507
1248,5.545,25,1835,1900,6,70,328,5.545
1249,5.499,19,1901,1920,6,97,328,5.499
1250,5.757,15,2100,2115,5,1,328,5.757
1251,5.13,10,945,955,1,1,330,5.13
1252,2.502,10,1020,1030,1,40,330,2.502
1253,0.322,5,1040,1045,11,40,330,0.322
1254,2.459,10,1100,1110,11,80,330,2.459
1255,5.115,15,1215,1230,13,1,330,5.115
1256,0.684,5,1830,1835,1,80,331,0.684
1257,0.777,5,1845,1850,13,1,331,0.777
1258,2.885,15,900,915,1,40,332,2.885
1259,2.87,15,945,1000,11,1,332,2.87
1260,2.315,15,830,845,1,10,333,2.315
1261,2.318,20,1700,1720,3,1,333,2.318
1262,1.056,5,640,645,1,50,334,1.056
1263,1.056,5,750,755,16,1,334,1.056
1264,7.145,20,910,930,1,30,334,7.145
1265,22.959,45,1045,1130,18,10,334,22.959
1266,44.825,85,1615,1740,3,10,334,44.825
1267,17.846,50,1915,2005,3,1,334,17.846
1268,22.129,30,700,730,1,10,335,22.129
1269,2.799,15,830,845,3,1,336,2.799
1270,2.795,20,1830,1850,1,10,336,2.795
1271,34.867,77,1500,1617,3,1,337,34.867
1272,23.969,30,645,715,1,70,338,23.969
1273,24.334,30,725,755,6,1,338,24.334
1274,24.268,25,905,930,6,1,338,24.268
1275,23.969,30,1145,1215,1,70,338,23.969
1276,24.334,30,1240,1310,6,1,338,24.334
1277,23.969,30,1445,1515,1,70,338,23.969
1278,24.334,35,1520,1555,6,1,338,24.334
1279,7.785,15,1700,1715,1,50,338,7.785
1280,9.491,15,2230,2245,17,1,338,9.491
1281,0.913,5,800,805,1,80,339,0.913
1282,3.689,20,810,830,13,70,339,3.689
1283,2.317,30,845,915,6,40,339,2.317
1284,11.61,15,1030,1045,11,70,339,11.61
1285,7.483,10,1100,1110,6,40,339,7.483
1286,0.483,5,1145,1150,12,1,339,0.483
1287,7.029,20,1730,1750,1,50,339,7.029
1288,7.017,20,2030,2050,17,1,339,7.017
1289,0.348,1,725,726,1,70,340,0.348
1290,2.546,18,727,745,6,20,340,2.546
1291,2.612,12,1203,1215,8,70,340,2.612
1292,1.276,6,1216,1222,6,40,340,1.276
1293,0.94,5,1226,1231,14,1,340,0.94
1294,2.945,10,1245,1255,1,40,340,2.945
1295,2.924,13,1330,1343,14,40,340,2.924
1296,0.658,5,1525,1530,12,1,340,0.658
1297,22.722,60,1915,2015,1,40,340,22.722
1298,22.446,30,2145,2215,11,1,340,22.446
1299,1.131,10,850,900,1,20,341,-1.0
1300,13.653,19,901,920,6,10,341,13.653
1301,13.173,20,1730,1750,3,1,341,13.173
1302,2.129,25,730,755,1,70,342,2.129
1303,9.808,38,757,835,6,10,342,9.808
1304,7.53,35,1530,1605,3,50,342,7.53
1305,2.129,10,1725,1735,16,70,342,2.129
1306,2.227,20,1745,1805,8,1,342,-1.0
1307,1.05,5,750,755,1,80,343,1.05
1308,5.361,17,801,818,13,20,343,5.361
1309,0.451,6,1414,1420,8,50,343,0.451
1310,3.934,20,1542,1602,16,1,343,3.934
1311,1.168,6,633,639,1,50,344,1.168
1312,1.168,3,727,730,16,1,344,1.168
1313,1.209,5,936,941,1,70,344,1.209
1314,3.153,10,951,1001,6,50,344,3.153
1315,3.392,12,1103,1115,15,70,344,3.392
1316,1.209,4,1200,1204,6,1,344,1.209
1317,1.966,8,1758,1806,1,10,344,1.966
1318,2.017,7,2315,2322,4,1,344,2.017
1319,8.32,15,645,700,1,10,345,8.32
1320,8.416,15,1600,1615,3,1,345,8.416
1321,6.19,30,730,800,1,10,346,6.19
1322,0.164,1,1550,1551,3,40,346,0.164
1323,6.066,13,1552,1605,11,1,346,6.066
1324,1.76,10,1850,1900,1,40,347,1.76
1325,1.76,5,1900,1905,1,40,347,-1.0
1326,1.75,15,1925,1940,11,1,347,1.75
1327,0.636,5,645,650,1,40,348,0.636
1328,41.192,65,655,800,14,10,348,41.192
1329,41.885,60,1800,1900,3,1,348,41.885
1330,5.309,15,715,730,1,40,349,5.309
1331,2.661,5,745,750,14,80,349,2.661
1332,2.716,15,755,810,13,97,349,2.716
1333,1.509,5,1230,1235,1,80,349,-1.0
1334,0.674,5,1315,1320,13,40,349,0.674
1335,2.086,15,1345,1400,11,1,349,2.086
1336,2.439,15,1030,1045,1,40,350,-1.0
1337,1.095,10,1130,1140,11,40,350,-1.0
1338,0.818,5,1215,1220,11,40,350,-1.0
1339,0.265,2,1225,1227,14,40,350,-1.0
1340,0.333,2,1240,1242,11,40,350,-1.0
1341,0.925,5,1335,1340,11,40,350,-1.0
1342,0.544,5,1350,1355,11,1,350,-1.0
1343,2.035,15,1650,1705,1,80,350,-1.0
1344,2.329,15,1755,1810,13,1,350,-1.0
1345,5.477,15,1130,1145,1,70,351,5.477
1346,13.401,25,1155,1220,6,50,351,13.401
1347,6.224,20,1430,1450,15,1,351,6.224
1348,5.477,15,1530,1545,1,70,351,5.477
1349,5.086,10,1550,1600,6,70,351,5.086
1350,7.802,10,1610,1620,6,20,351,7.802
1351,2.956,10,1730,1740,19,80,351,2.956
1352,4.871,5,1900,1905,13,70,351,4.871
1353,5.672,24,1906,1930,6,1,351,5.672
1354,4.141,10,750,800,1,10,352,4.141
1355,2.23,15,1300,1315,3,80,352,2.23
1356,2.257,15,1345,1400,13,10,352,2.257
1357,1.537,15,1630,1645,3,40,352,1.537
1358,3.631,15,1710,1725,11,1,352,3.631
1359,3.147,10,820,830,1,10,356,3.147
1360,3.172,9,1630,1639,3,1,356,3.172
1361,7.773,15,630,645,1,10,357,7.773
1362,2.148,15,1700,1715,9,1,357,-1.0
1363,5.618,20,1300,1320,1,50,358,-1.0
1364,5.178,15,1600,1615,17,40,358,-1.0
1365,1.658,10,1620,1630,11,50,358,-1.0
1366,0.808,10,1730,1740,16,40,358,-1.0
1367,2.977,15,1830,1845,11,1,358,-1.0
1368,0.88,5,1020,1025,1,50,359,-1.0
1369,4.095,20,1110,1130,15,40,359,4.095
1370,4.466,20,1200,1220,11,1,359,4.466
1371,24.052,40,1430,1510,1,50,359,24.052
1372,13.328,25,1515,1540,17,50,359,13.328
1373,13.03,30,1800,1830,15,50,359,13.03
1374,24.123,30,2000,2030,17,1,359,24.123
1375,12.248,20,740,800,1,10,360,12.248
1376,18.934,25,1635,1700,3,40,360,18.934
1377,6.816,15,1745,1800,11,1,360,6.816
1378,5.542,10,930,940,1,1,361,5.542
1379,5.553,10,1100,1110,1,1,361,5.553
1380,2.065,15,645,700,1,70,362,2.065
1381,17.325,45,715,800,6,10,362,17.325
1382,17.137,35,1645,1720,3,70,362,17.137
1383,2.068,10,1730,1740,6,1,362,2.068
1384,12.424,25,729,754,1,10,363,12.424
1385,12.278,24,1538,1602,3,1,363,12.278
1386,1.391,15,815,830,1,10,364,1.391
1387,1.174,20,1230,1250,3,1,364,1.174
1388,1.391,20,1300,1320,1,10,364,1.391
1389,1.174,20,1630,1650,3,1,364,1.174
